<?xml version="1.0" encoding="utf-8" ?>
<dwsync>
<file name="foreign_chars.php" server="dantech.id//var/www/KLEEN/DEV/" local="131188351980000000" remote="131188351980000000" />
<file name="memcached.php" server="dantech.id//var/www/KLEEN/DEV/" local="131188351980000000" remote="131188351980000000" />
<file name="doctypes.php" server="dantech.id//var/www/KLEEN/DEV/" local="131188351970000000" remote="131188351970000000" />
<file name="routes.php" server="dantech.id//var/www/KLEEN/DEV/" local="131299763440000000" remote="131299763440000000" />
<file name="hooks.php" server="dantech.id//var/www/KLEEN/DEV/" local="131188351980000000" remote="131188351980000000" />
<file name="index.html" server="dantech.id//var/www/KLEEN/DEV/" local="131188351980000000" remote="131188351980000000" />
<file name="user_agents.php" server="dantech.id//var/www/KLEEN/DEV/" local="131188352010000000" remote="131188352010000000" />
<file name="mimes.php" server="dantech.id//var/www/KLEEN/DEV/" local="131188351990000000" remote="131188351990000000" />
<file name="constants.php" server="dantech.id//var/www/KLEEN/DEV/" local="131246487330000000" remote="131246487330000000" />
<file name="database.php" server="dantech.id//var/www/KLEEN/DEV/" local="131188368710000000" remote="131188368710000000" />
<file name="config.php" server="dantech.id//var/www/KLEEN/DEV/" local="131188351970000000" remote="131188351970000000" />
<file name="profiler.php" server="dantech.id//var/www/KLEEN/DEV/" local="131188351990000000" remote="131188351990000000" />
<file name="autoload.php" server="dantech.id//var/www/KLEEN/DEV/" local="131254892770000000" remote="131254892770000000" />
<file name="smileys.php" server="dantech.id//var/www/KLEEN/DEV/" local="131188352000000000" remote="131188352000000000" />
<file name="migration.php" server="dantech.id//var/www/KLEEN/DEV/" local="131188351990000000" remote="131188351990000000" />
</dwsync>